{
  "$schema": "./node_modules/@angular/service-worker/config/schema.json",
  "index": "/index.html",
  "assetGroups": [
    {
      "name": "app",
      "installMode": "prefetch",
      "resources": {
        "files": [
          "/favicon.ico",
          "/index.html",
          "/manifest.webmanifest",
          "/*.css",
          "/*.js"
        ]
      }
    }, { 
      "name": "assets",
      "installMode": "lazy",
      "updateMode": "prefetch",
      "resources": {
        "files": [
          "/assets/**",
          "/*.(eot|svg|cur|jpg|png|webp|gif|otf|ttf|woff|woff2|ani)"
        ]
      }
    }
  ],"dataGroups": [
    {
      "name": "api-call",
      "urls": ["http://dummy.restapiexample.com/api/v1/employees"],
      "cacheConfig": {
        "maxAge": "12h",
        "maxSize": 10,
        "strategy": "freshness",
        "timeout": "5s"
      }
    }
  ]
}
